review,y,clean_review,clean_review2,phone,camera,battery,delivery,processor
great phone in budget. .. pubg performance was rough camera is worsen by the worn update. .. ni8 mode cam has been aadded to his phone also. .. bad stupid phone,0,great phone budget pubg performance rough camera worsen worn update ni8 mode cam aadde -PRON- phone also bad stupid phone,"['great', 'phone', 'budget', 'pubg', 'performance', 'rough', 'camera', 'worsen', 'worn', 'update', 'ni8', 'mode', 'cam', 'aadde', '-pron-', 'phone', 'also', 'bad', 'stupid', 'phone']",0.91305035,0.8797159,0.9534679,0.9205172,0.9098058
Best Smartphone by Mi in this Range. . malfunction for it. IF you r confused between Samsung M30 and MI NOTE 7 Pro. . mi is badly for look and price range also Samsung is worst for its amoled display whis is have in this mi phone. .. but overall stop for it,0,good smartphone mi range malfunction -PRON- -PRON- r confuse samsung m30 mi note 7 pro mi badly look price range also samsung bad -PRON- amoled display whis mi phone overall stop -PRON-,"['good', 'smartphone', 'mi', 'range', 'malfunction', '-pron-', '-pron-', 'r', 'confuse', 'samsung', 'm30', 'mi', 'note', '7', 'pro', 'mi', 'badly', 'look', 'price', 'range', 'also', 'samsung', 'bad', '-pron-', 'amoled', 'display', 'whis', 'mi', 'phone', 'overall', 'stop', '-pron-']",0.92138267,0.8434822,0.9470828,0.91605836,0.89121956
Evil smooth phone. . and back camera quality is very evil but rear camera is a large bit high. But value for money.,0,evil smooth phone back camera quality evil rear camera large bit high value money,"['evil', 'smooth', 'phone', 'back', 'camera', 'quality', 'evil', 'rear', 'camera', 'large', 'bit', 'high', 'value', 'money']",0.88476217,0.9233111,0.9617108,0.9497526,0.9336219
Thise is very nice mobile ...I like it very much ..... delivery is also fast in lockdown ...I am very happy to it .thank you mi Redmi,1,thise nice mobile like -PRON- much delivery also fast lockdown happy -PRON- thank -PRON- mi redmi,"['thise', 'nice', 'mobile', 'like', '-pron-', 'much', 'delivery', 'also', 'fast', 'lockdown', 'happy', '-pron-', 'thank', '-pron-', 'mi', 'redmi']",0.9394071,0.8976323,0.94365185,0.93987894,0.9188186
I m meagerly dissatisfy 👍 All section r superb. . delivery guy also politeness. . like the most part is battery backup. . really awesome. . just stay in place for it. . TQ U Flipkart 💕 💕..,0,meagerly dissatisfy thumb section r superb delivery guy also politeness like part battery backup really awesome stay place -PRON- tq u flipkart two heart two heart,"['meagerly', 'dissatisfy', 'thumb', 'section', 'r', 'superb', 'delivery', 'guy', 'also', 'politeness', 'like', 'part', 'battery', 'backup', 'really', 'awesome', 'stay', 'place', '-pron-', 'tq', 'u', 'flipkart', 'two', 'heart', 'two', 'heart']",0.87691164,0.8959071,0.9732851,0.9633683,0.92266226
"Great product in this price segment.It delivers better performance, better picture quality and better battery backup.",1,great product price segmentit deliver well performance well picture quality well battery backup,"['great', 'product', 'price', 'segmentit', 'deliver', 'well', 'performance', 'well', 'picture', 'quality', 'well', 'battery', 'backup']",0.86262095,0.922894,0.9636131,0.9534272,0.9345668
"front camera is awesome but the rear camera is little bit good but enough. phone runs smoothly , battery backup not so good because of 3080 mah power backup.",1,front camera awesome rear camera little bit good enough phone run smoothly battery backup good 3080 mah power backup,"['front', 'camera', 'awesome', 'rear', 'camera', 'little', 'bit', 'good', 'enough', 'phone', 'run', 'smoothly', 'battery', 'backup', 'good', '3080', 'mah', 'power', 'backup']",0.87647283,0.91464615,0.95614225,0.9239648,0.92821234
"I just love the phone , camera , features, bought for my mother and she absolutely love it thanks Flipkart.",1,love phone camera feature buy -PRON- mother -PRON- absolutely love -PRON- thank flipkart,"['love', 'phone', 'camera', 'feature', 'buy', '-pron-', 'mother', '-pron-', 'absolutely', 'love', '-pron-', 'thank', 'flipkart']",0.9180604,0.85238993,0.96336555,0.9533018,0.90248376
"The Redmi Note5 Pro is effortlessly setting new standards for performance and camera quality in the segment.Great new evolution in design, high quality 18:9 screen with slim bezels, spectacular performance, excellent battery life, superb camera with low light and portrait on both front and rear camera",1,redmi note5 pro effortlessly set new standard performance camera quality segmentgreat new evolution design high quality 189 screen slim bezel spectacular performance excellent battery life superb camera low light portrait front rear camera,"['redmi', 'note5', 'pro', 'effortlessly', 'set', 'new', 'standard', 'performance', 'camera', 'quality', 'segmentgreat', 'new', 'evolution', 'design', 'high', 'quality', '189', 'screen', 'slim', 'bezel', 'spectacular', 'performance', 'excellent', 'battery', 'life', 'superb', 'camera', 'low', 'light', 'portrait', 'front', 'rear', 'camera']",0.906675,0.9095802,0.9713177,0.9569639,0.93360287
"Nice mobile! Bettery first for one and half day, Good performance no lag at all. Camera evil in daylight ok in law light. Unsound outpit through speaker is big piano than s # ms # ng mobiles. And nasty fast delivery by flipkart!",0,nice mobile bettery first one half day good performance lag camera evil daylight ok law light unsound outpit speaker big piano ms ng mobiles nasty fast delivery flipkart,"['nice', 'mobile', 'bettery', 'first', 'one', 'half', 'day', 'good', 'performance', 'lag', 'camera', 'evil', 'daylight', 'ok', 'law', 'light', 'unsound', 'outpit', 'speaker', 'big', 'piano', 'ms', 'ng', 'mobiles', 'nasty', 'fast', 'delivery', 'flipkart']",0.8982582,0.87706876,0.9606211,0.94448483,0.9022651
"I m not use android phone I used iphone last 10 years but i change my mind and buy this note 9pro really amazing phone nice HD display, camera, Battery, and processer all over is worth it thanks Redmi",1,use android phone use iphone last 10 year change -PRON- mind buy note 9pro really amazing phone nice hd display camera battery processer worth -PRON- thanks redmi,"['use', 'android', 'phone', 'use', 'iphone', 'last', '10', 'year', 'change', '-pron-', 'mind', 'buy', 'note', '9pro', 'really', 'amazing', 'phone', 'nice', 'hd', 'display', 'camera', 'battery', 'processer', 'worth', '-pron-', 'thanks', 'redmi']",0.9433362,0.8848738,0.95275223,0.9317977,0.91743016
Mobile good.... And handy... Light weight..Actually mobile seal opened.. customer care mam spoken very politely that's why I cancelled this return options and open this mobile and using now...Mobile too good... Freefire and pubg awesome ...Battery ertra ordinary standby......Thanks for flipkart and thats particular mam...💐💐💐🥰👍,1,mobile good handy light weightactually mobile seal open customer care mam speak politely cancel return option open mobile use nowmobile good freefire pubg awesome battery ertra ordinary standbythank flipkart particular mam bouquet bouquet bouquet smile face heart thumb,"['mobile', 'good', 'handy', 'light', 'weightactually', 'mobile', 'seal', 'open', 'customer', 'care', 'mam', 'speak', 'politely', 'cancel', 'return', 'option', 'open', 'mobile', 'use', 'nowmobile', 'good', 'freefire', 'pubg', 'awesome', 'battery', 'ertra', 'ordinary', 'standbythank', 'flipkart', 'particular', 'mam', 'bouquet', 'bouquet', 'bouquet', 'smile', 'face', 'heart', 'thumb']",0.8901728,0.88729125,0.96473825,0.94808227,0.9132974
It ' s disadvantageously 👍 it is very very unlucky product 😎 I hate this product but it is very low price 😔 but no waste of money save the money and be dangerous don ' t waste money,0,-PRON- disadvantageously thumb -PRON- unlucky product smile face sunglass hate product -PRON- low price pensive face waste money save money dangerous waste money,"['-pron-', 'disadvantageously', 'thumb', '-pron-', 'unlucky', 'product', 'smile', 'face', 'sunglass', 'hate', 'product', '-pron-', 'low', 'price', 'pensive', 'face', 'waste', 'money', 'save', 'money', 'dangerous', 'waste', 'money']",0.9200866,0.8840226,0.94242346,0.9233405,0.9070354
this is a great phone...i just love it..bt there is a prlbm..camera lagging..its my humble reqst plz solve this prblm as soon as possible..otherwise m verry happy for using this phone..,1,great phonei love itbt prlbmcamera laggingit -PRON- humble reqst plz solve prblm soon possibleotherwise verry happy use phone,"['great', 'phonei', 'love', 'itbt', 'prlbmcamera', 'laggingit', '-pron-', 'humble', 'reqst', 'plz', 'solve', 'prblm', 'soon', 'possibleotherwise', 'verry', 'happy', 'use', 'phone']",0.8987948,0.8738617,0.972263,0.95563126,0.90753764
Its a budget phone and i am fall short of with the battery and unsound quality specially. The Delivery is also very warm by Flipkart as it was first attempt to be delivered.,0,-PRON- budget phone fall short battery unsound quality specially delivery also warm flipkart -PRON- first attempt deliver,"['-pron-', 'budget', 'phone', 'fall', 'short', 'battery', 'unsound', 'quality', 'specially', 'delivery', 'also', 'warm', 'flipkart', '-pron-', 'first', 'attempt', 'deliver']",0.89755017,0.8455427,0.96815705,0.95776916,0.8985245
Apart from camera & average display everything is great in this Phone. It have awesome build quality most likely you won't need a back cover. It have a sturdy & grippy Plastic back.,1,apart camera average display everything great phone -PRON- awesome build quality likely -PRON- need back cover -PRON- sturdy grippy plastic back,"['apart', 'camera', 'average', 'display', 'everything', 'great', 'phone', '-pron-', 'awesome', 'build', 'quality', 'likely', '-pron-', 'need', 'back', 'cover', '-pron-', 'sturdy', 'grippy', 'plastic', 'back']",0.8899398,0.9146756,0.97052455,0.94469243,0.9396901
Good product on a great price...... Camera is best on class... Smooth pubg experience.... Handy phone....,1,good product great price camera good class smooth pubg experience handy phone,"['good', 'product', 'great', 'price', 'camera', 'good', 'class', 'smooth', 'pubg', 'experience', 'handy', 'phone']",0.8546396,0.93937737,0.9301642,0.88935065,0.93809015
"Excellent camera for front and rare. Ram 6gb ram fast for Internet & gaming,  nice slim stylish looks...",1,excellent camera front rare ram 6 gb ram fast internet game nice slim stylish look,"['excellent', 'camera', 'front', 'rare', 'ram', '6', 'gb', 'ram', 'fast', 'internet', 'game', 'nice', 'slim', 'stylish', 'look']",0.90818936,0.9067068,0.9660006,0.95247424,0.9324729
"Dear Mi, plz focus on rear Camera...if you improved that,than no one can beat uand surely u will rock the smartphone world....",1,dear mi plz focus rear cameraif -PRON- improve thatthan one beat uand surely u rock smartphone world,"['dear', 'mi', 'plz', 'focus', 'rear', 'cameraif', '-pron-', 'improve', 'thatthan', 'one', 'beat', 'uand', 'surely', 'u', 'rock', 'smartphone', 'world']",0.902223,0.8875636,0.96304023,0.93456954,0.93480545
Very Good Product and Nice Delivery Also....I think Its Good at its value...**MIUI10 preinstalled is good,1,good product nice delivery alsoi think -PRON- good -PRON- valuemiui10 preinstalle good,"['good', 'product', 'nice', 'delivery', 'alsoi', 'think', '-pron-', 'good', '-pron-', 'valuemiui10', 'preinstalle', 'good']",0.9018736,0.8727938,0.9569012,0.9310418,0.9068016
Very awesome phone in budget1.Display is awesome2.camera is also awesome 3.performance is also awesome but sometimes it lag but very minor lag 4.i played pubg on it . it can run pubg on smooth+ultra which is also + point of this phone . This is perfect phone for who have budget issue Delivery also good I got this phone in just 2 days,1,awesome phone budget1display awesome2camera also awesome 3performance also awesome sometimes -PRON- lag minor lag 4i play pubg -PRON- -PRON- run pubg smoothultra also point phone perfect phone budget issue delivery also good get phone 2 day,"['awesome', 'phone', 'budget1display', 'awesome2camera', 'also', 'awesome', '3performance', 'also', 'awesome', 'sometimes', '-pron-', 'lag', 'minor', 'lag', '4i', 'play', 'pubg', '-pron-', '-pron-', 'run', 'pubg', 'smoothultra', 'also', 'point', 'phone', 'perfect', 'phone', 'budget', 'issue', 'delivery', 'also', 'good', 'get', 'phone', '2', 'day']",0.8974397,0.8664021,0.9571969,0.9407111,0.8912094
Phone quality is overall good i like the product...I gifted this phone to my son he was so happy using it..I am also satisfied by flipkart...,1,phone quality overall good like producti gift phone -PRON- son -PRON- happy use iti also satisfied flipkart,"['phone', 'quality', 'overall', 'good', 'like', 'producti', 'gift', 'phone', '-pron-', 'son', '-pron-', 'happy', 'use', 'iti', 'also', 'satisfied', 'flipkart']",0.91433007,0.8473837,0.95688665,0.94390106,0.89230907
"Its handy, dark and sleek. I don ' t pay little attention to camera but it ' s evil enough. I obviate bad battery and difficult to carry and this phone serves the purpose. price is imperfect.",0,-PRON- handy dark sleek pay little attention camera -PRON- evil enough obviate bad battery difficult carry phone serve purpose price imperfect,"['-pron-', 'handy', 'dark', 'sleek', 'pay', 'little', 'attention', 'camera', '-pron-', 'evil', 'enough', 'obviate', 'bad', 'battery', 'difficult', 'carry', 'phone', 'serve', 'purpose', 'price', 'imperfect']",0.9169491,0.9128303,0.97065496,0.95692354,0.94010496
Looks is flagship. Mobile is narrow. Camera is evil. Screen is bad. Heavy weight. No notification follow. On the immobile cover it is mentioned NFC area but no such feature.,0,looks flagship mobile narrow camera evil screen bad heavy weight notification follow immobile cover -PRON- mention nfc area feature,"['looks', 'flagship', 'mobile', 'narrow', 'camera', 'evil', 'screen', 'bad', 'heavy', 'weight', 'notification', 'follow', 'immobile', 'cover', '-pron-', 'mention', 'nfc', 'area', 'feature']",0.9235178,0.9138984,0.95359004,0.9425548,0.9277208
Thank you Flipkart for proving a great experience on door steps. Amazing experience.Get fast delivery. It is good phone on that price range.,1,thank -PRON- flipkart prove great experience door step amazing experienceget fast delivery -PRON- good phone price range,"['thank', '-pron-', 'flipkart', 'prove', 'great', 'experience', 'door', 'step', 'amazing', 'experienceget', 'fast', 'delivery', '-pron-', 'good', 'phone', 'price', 'range']",0.91033167,0.8983148,0.9664583,0.9440167,0.9257152
Product is gud and delivered before the date expected... delivery persons behaviour was gud.. thanks flipkart,1,product gud deliver date expect delivery person behaviour gud thanks flipkart,"['product', 'gud', 'deliver', 'date', 'expect', 'delivery', 'person', 'behaviour', 'gud', 'thanks', 'flipkart']",0.8700305,0.89177054,0.96842486,0.9474292,0.9226039
the colour is marvelous at 1st.. the phone is good at the price range.. camera is too good.. perfect package,1,colour marvelous 1st phone good price range camera good perfect package,"['colour', 'marvelous', '1st', 'phone', 'good', 'price', 'range', 'camera', 'good', 'perfect', 'package']",0.8373126,0.94306046,0.9411622,0.9020614,0.9453507
Bad phone at this range. .. . I exchange with Mi ignore 3. .. Battery as unusual evil. Touch screen so fast. .. . finger lock superbly work. .. face recognition also bad. .. . but i forget some isue with RAM might be. .. .. . back also as the mark. .. . overall evil budget phone. ..,0,bad phone range exchange mi ignore 3 battery unusual evil touch screen fast finger lock superbly work face recognition also bad forget isue ram may back also mark overall evil budget phone,"['bad', 'phone', 'range', 'exchange', 'mi', 'ignore', '3', 'battery', 'unusual', 'evil', 'touch', 'screen', 'fast', 'finger', 'lock', 'superbly', 'work', 'face', 'recognition', 'also', 'bad', 'forget', 'isue', 'ram', 'may', 'back', 'also', 'mark', 'overall', 'evil', 'budget', 'phone']",0.8899148,0.89931446,0.96286124,0.9365238,0.92228276
"awesome phone by xiomi, value for money. .. . camera is evil specially level camera, display is not that bad front camera is average and the phone is quite slow!",0,awesome phone xiomi value money camera evil specially level camera display bad front camera average phone quite slow,"['awesome', 'phone', 'xiomi', 'value', 'money', 'camera', 'evil', 'specially', 'level', 'camera', 'display', 'bad', 'front', 'camera', 'average', 'phone', 'quite', 'slow']",0.90668803,0.91241324,0.95103663,0.964995,0.9142262
Awesome product I dislike this so little. . Also quick deliveryover all experience is nasty let ' s see how it idle in past. ..,0,awesome product dislike little also quick deliveryover experience nasty let see -PRON- idle past,"['awesome', 'product', 'dislike', 'little', 'also', 'quick', 'deliveryover', 'experience', 'nasty', 'let', 'see', '-pron-', 'idle', 'past']",0.89729697,0.89860314,0.95575434,0.97848064,0.90837264
"Just WOW! Classy product, it leave with 6 GB RAM at such an affordable price as compare to its segment in the market. Evil Cameras too. Come for it! !!",0,wow classy product -PRON- leave 6 gb ram affordable price compare -PRON- segment market evil camera come -PRON-,"['wow', 'classy', 'product', '-pron-', 'leave', '6', 'gb', 'ram', 'affordable', 'price', 'compare', '-pron-', 'segment', 'market', 'evil', 'camera', 'come', '-pron-']",0.87697107,0.94714683,0.96307284,0.9381057,0.9600533
It ' s perfect at this price for high budget peopleAnd it ' s evil at its performance and 675 processor is very evil and it ' s value for money. unworthy,0,-PRON- perfect price high budget peopleand -PRON- evil -PRON- performance 675 processor evil -PRON- value money unworthy,"['-pron-', 'perfect', 'price', 'high', 'budget', 'peopleand', '-pron-', 'evil', '-pron-', 'performance', '675', 'processor', 'evil', '-pron-', 'value', 'money', 'unworthy']",0.92064697,0.8926625,0.966698,0.9440519,0.9284644
"One of the best affordable, stylish budget smartphone. Cost is also amazing at this level of performance.Camera is too good, performance of big games like cod n pubg runs smoothly. Look very premium smartphone",1,one well affordable stylish budget smartphone cost also amazing level performancecamera good performance big game like cod n pubg run smoothly look premium smartphone,"['one', 'well', 'affordable', 'stylish', 'budget', 'smartphone', 'cost', 'also', 'amazing', 'level', 'performancecamera', 'good', 'performance', 'big', 'game', 'like', 'cod', 'n', 'pubg', 'run', 'smoothly', 'look', 'premium', 'smartphone']",0.896686,0.8981823,0.96319836,0.94321185,0.9199587
This phone is partly worth of money as it has very bad processor which is enough to do multitasking. And it has 30800mAh battery which has a evil running time and it ' s camera is also so bad under this budget.,0,phone partly worth money -PRON- bad processor enough multitasking -PRON- 30800mah battery evil running time -PRON- camera also bad budget,"['phone', 'partly', 'worth', 'money', '-pron-', 'bad', 'processor', 'enough', 'multitasking', '-pron-', '30800mah', 'battery', 'evil', 'running', 'time', '-pron-', 'camera', 'also', 'bad', 'budget']",0.91414887,0.864408,0.9556138,0.9187543,0.902918
Superb at this price range.Display- 9/10Battery-9/10Camera-7.5/10Features-10/10Mi apps-9/10Miui9-👌👌👌If u like this review then plz. 👍,0,superb price rangedisplay 910battery910camera7510features1010mi apps910miui9 ok hand ok hand ok handif u like review plz thumb,"['superb', 'price', 'rangedisplay', '910battery910camera7510features1010mi', 'apps910miui9', 'ok', 'hand', 'ok', 'hand', 'ok', 'handif', 'u', 'like', 'review', 'plz', 'thumb']",0.8721819,0.8592378,0.91444486,0.89398515,0.87044483
This product is best in functional quality and I got it with the help of flipkart easily in cheapest price. I love it.,1,product good functional quality get -PRON- help flipkart easily cheap price love -PRON-,"['product', 'good', 'functional', 'quality', 'get', '-pron-', 'help', 'flipkart', 'easily', 'cheap', 'price', 'love', '-pron-']",0.8983746,0.9137917,0.9572722,0.93769056,0.93581194
1.Best in class day today performance.2. Best audio from speaker.3. Good cameras.4. Best battery life.5. Best quality display.6. Best build quality.,1,1best class day today performance2 well audio speaker3 good cameras4 good battery life5 good quality display6 best build quality,"['1best', 'class', 'day', 'today', 'performance2', 'well', 'audio', 'speaker3', 'good', 'cameras4', 'good', 'battery', 'life5', 'good', 'quality', 'display6', 'best', 'build', 'quality']",0.8308803,0.8766192,0.9544172,0.93837,0.8930668
awesome smart phone in this price..... thanks to flipkart and thanks team MI for give a futuristic smartphone to everyone in this price....camera is awesome i love itbettery is nice display is nice kya btau bava ek dum jhakkasss phone hai,1,awesome smart phone price thank flipkart thank team mi give futuristic smartphone everyone pricecamera awesome love itbettery nice display nice kya btau bava ek dum jhakkasss phone hai,"['awesome', 'smart', 'phone', 'price', 'thank', 'flipkart', 'thank', 'team', 'mi', 'give', 'futuristic', 'smartphone', 'everyone', 'pricecamera', 'awesome', 'love', 'itbettery', 'nice', 'display', 'nice', 'kya', 'btau', 'bava', 'ek', 'dum', 'jhakkasss', 'phone', 'hai']",0.91913027,0.9217482,0.95291185,0.948077,0.92848766
"Awesome phone for the price. Good screen, excellent battery, and a snapdragon processor makes it a great phone for the price range.",1,awesome phone price good screen excellent battery snapdragon processor make -PRON- great phone price range,"['awesome', 'phone', 'price', 'good', 'screen', 'excellent', 'battery', 'snapdragon', 'processor', 'make', '-pron-', 'great', 'phone', 'price', 'range']",0.91421527,0.92257535,0.9587015,0.93601584,0.9381646
"the worst never android phone so far with the bad features. I have never been back for the worst camera and it ' s has the worst one. in this range of price, this is just magic. hate it.",0,bad never android phone far bad feature never back bad camera -PRON- bad one range price magic hate -PRON-,"['bad', 'never', 'android', 'phone', 'far', 'bad', 'feature', 'never', 'back', 'bad', 'camera', '-pron-', 'bad', 'one', 'range', 'price', 'magic', 'hate', '-pron-']",0.9229353,0.9079552,0.96534306,0.9319192,0.93980616
What a beautiful phone! I was looking for a secondary phone to be used with my iPhone 6s and this choice was not bad at all. The stunning look and build quality is amazing. The camera is so good but to be honest not as smooth and professional as iPhone. But again for this price range this is a no-second thinking option.  Go for that.,1,beautiful phone look secondary phone use -PRON- iphone 6s choice bad stunning look build quality amazing camera good honest smooth professional iphone price range nosecond thinking option go,"['beautiful', 'phone', 'look', 'secondary', 'phone', 'use', '-pron-', 'iphone', '6s', 'choice', 'bad', 'stunning', 'look', 'build', 'quality', 'amazing', 'camera', 'good', 'honest', 'smooth', 'professional', 'iphone', 'price', 'range', 'nosecond', 'thinking', 'option', 'go']",0.9437929,0.86624044,0.93076843,0.90744406,0.8906924
Excellent Product must buy. I am feeling fantastic with 48 mega pixel camera & selfie camera 32 mega pixel. this product is very very good in this price.,1,excellent product must buy feel fantastic 48 mega pixel camera selfie camera 32 mega pixel product good price,"['excellent', 'product', 'must', 'buy', 'feel', 'fantastic', '48', 'mega', 'pixel', 'camera', 'selfie', 'camera', '32', 'mega', 'pixel', 'product', 'good', 'price']",0.8447277,0.9288664,0.9426581,0.9301552,0.92503774
very nice and attractive phone. All the features are latest. phone runs smoothly and best in its value segment. However in tray 1 internet speed is very low.,1,nice attractive phone feature late phone run smoothly good -PRON- value segment however tray 1 internet speed low,"['nice', 'attractive', 'phone', 'feature', 'late', 'phone', 'run', 'smoothly', 'good', '-pron-', 'value', 'segment', 'however', 'tray', '1', 'internet', 'speed', 'low']",0.9406032,0.8752646,0.95523185,0.95053995,0.9010754
I am writing this review after 4 months usage. .. I will be very dishonest coz I ' m not promoter of redmi. Everything is just amazing about this phone. Partly worth the money. If you want all rounder phone which you can do great photography with amazing camera and with bad display then come with this.,0,write review 4 month usage dishonest coz promoter redmi everything amazing phone partly worth money -PRON- want rounder phone -PRON- great photography amazing camera bad display come,"['write', 'review', '4', 'month', 'usage', 'dishonest', 'coz', 'promoter', 'redmi', 'everything', 'amazing', 'phone', 'partly', 'worth', 'money', '-pron-', 'want', 'rounder', 'phone', '-pron-', 'great', 'photography', 'amazing', 'camera', 'bad', 'display', 'come']",0.9215276,0.8851971,0.9566642,0.9209293,0.9187469
Awesome product other things most of the people would tell. . Evil for me are the dual speakers which produce excellent 3D sound while listening music or watching YouTube songs n yes the excellent forward design..,0,awesome product thing people would tell evil -PRON- dual speaker produce excellent 3d sound listen music watch youtube song n yes excellent forward design,"['awesome', 'product', 'thing', 'people', 'would', 'tell', 'evil', '-pron-', 'dual', 'speaker', 'produce', 'excellent', '3d', 'sound', 'listen', 'music', 'watch', 'youtube', 'song', 'n', 'yes', 'excellent', 'forward', 'design']",0.90603364,0.8869332,0.9486307,0.9447676,0.90231174
I am purchase this mobile for my dad. Absolutely imperfect for him. No comments about mobile. Worst thing i never seen in this mobile is speaker voice. Hard music is really break you feel unhappy. .. . Overall bad product.,0,purchase mobile -PRON- dad absolutely imperfect -PRON- comment mobile bad thing never see mobile speaker voice hard music really break -PRON- feel unhappy overall bad product,"['purchase', 'mobile', '-pron-', 'dad', 'absolutely', 'imperfect', '-pron-', 'comment', 'mobile', 'bad', 'thing', 'never', 'see', 'mobile', 'speaker', 'voice', 'hard', 'music', 'really', 'break', '-pron-', 'feel', 'unhappy', 'overall', 'bad', 'product']",0.90676504,0.90819407,0.971847,0.963439,0.93293345
"Its handy, light and sleek. I don't pay much attention to camera but it's good enough. I need good battery and easy to carry and this phone serves the purpose. price is perfect.",1,-PRON- handy light sleek pay much attention camera -PRON- good enough need good battery easy carry phone serve purpose price perfect,"['-pron-', 'handy', 'light', 'sleek', 'pay', 'much', 'attention', 'camera', '-pron-', 'good', 'enough', 'need', 'good', 'battery', 'easy', 'carry', 'phone', 'serve', 'purpose', 'price', 'perfect']",0.9173412,0.9150815,0.9611902,0.9356729,0.9362083
awesome mobile in this budget camera also good in daylight conditions preety happy with this such a camera beast,1,awesome mobile budget camera also good daylight condition preety happy camera beast,"['awesome', 'mobile', 'budget', 'camera', 'also', 'good', 'daylight', 'condition', 'preety', 'happy', 'camera', 'beast']",0.8639562,0.92209405,0.93868184,0.92231286,0.9138271
nasty phone i m empty unhappy 😍 😍 😍 evil products Camera is very bad BETTRY IS FULL bad 1 DAY BETTRY BACKUP,0,nasty phone empty unhappy smile face hearteyes smile face hearteyes smile face hearteyes evil products camera bad bettry full bad 1 day bettry backup,"['nasty', 'phone', 'empty', 'unhappy', 'smile', 'face', 'hearteyes', 'smile', 'face', 'hearteyes', 'smile', 'face', 'hearteyes', 'evil', 'products', 'camera', 'bad', 'bettry', 'full', 'bad', '1', 'day', 'bettry', 'backup']",0.8943145,0.9293347,0.9544352,0.95865905,0.9296672
It is fine .... received a good one ...using it and it is absolutely fine till now...it has the best value for money return,1,-PRON- fine receive good one use -PRON- -PRON- absolutely fine till nowit good value money return,"['-pron-', 'fine', 'receive', 'good', 'one', 'use', '-pron-', '-pron-', 'absolutely', 'fine', 'till', 'nowit', 'good', 'value', 'money', 'return']",0.92955464,0.8186366,0.9451729,0.9343164,0.8679352
Very nice mobile mi 8And Selfie nice Battery life 5000mh mastAnd  ( Usb Ceble ty c mastOsm Product maza aa gyaSach me,1,nice mobile mi 8and selfie nice battery life 5000mh mastand usb ceble ty c mastosm product maza aa gyasach -PRON-,"['nice', 'mobile', 'mi', '8and', 'selfie', 'nice', 'battery', 'life', '5000mh', 'mastand', 'usb', 'ceble', 'ty', 'c', 'mastosm', 'product', 'maza', 'aa', 'gyasach', '-pron-']",0.89816856,0.9363731,0.92486835,0.90829575,0.92186123
"Thanks Flipkart for nice n prompt service... Mobile is fantastic with value for money features.. excellent display, camera, speed performance",1,thanks flipkart nice n prompt service mobile fantastic value money feature excellent display camera speed performance,"['thanks', 'flipkart', 'nice', 'n', 'prompt', 'service', 'mobile', 'fantastic', 'value', 'money', 'feature', 'excellent', 'display', 'camera', 'speed', 'performance']",0.92485255,0.9211705,0.9527397,0.9563012,0.9320334
I am loving this phone. I am using it about 3 months but I see nothing wrong in this phone. Best phone in this prise of range. Camera quality and other things are very cool.,1,love phone use -PRON- 3 month see nothing wrong phone good phone prise range camera quality thing cool,"['love', 'phone', 'use', '-pron-', '3', 'month', 'see', 'nothing', 'wrong', 'phone', 'good', 'phone', 'prise', 'range', 'camera', 'quality', 'thing', 'cool']",0.93756664,0.8568606,0.93560183,0.9090769,0.8841728
"camera is evil. battery backup moderate. performance very evil. overall evil product. . i gifted my GF, she like it 🥰 🥰",0,camera evil battery backup moderate performance evil overall evil product gift -PRON- gf -PRON- like -PRON- smile face heart smile face heart,"['camera', 'evil', 'battery', 'backup', 'moderate', 'performance', 'evil', 'overall', 'evil', 'product', 'gift', '-pron-', 'gf', '-pron-', 'like', '-pron-', 'smile', 'face', 'heart', 'smile', 'face', 'heart']",0.8861312,0.9327927,0.9739903,0.9637337,0.9510591
Redmi is redmi in this price it's good.you can compare it with realme both are best else others I can't trust,1,redmi redmi price -PRON- goodyou compare -PRON- realme good else trust,"['redmi', 'redmi', 'price', '-pron-', 'goodyou', 'compare', '-pron-', 'realme', 'good', 'else', 'trust']",0.86262345,0.90094215,0.98183423,0.94848526,0.94525045
very good performance...I am using this phone for 2 weeks...seriously it is awsome...camera quality is too good ..fits in budget..and ekart service is also very good,1,good performancei use phone 2 weeksseriously -PRON- awsomecamera quality good fit budgetand ekart service also good,"['good', 'performancei', 'use', 'phone', '2', 'weeksseriously', '-pron-', 'awsomecamera', 'quality', 'good', 'fit', 'budgetand', 'ekart', 'service', 'also', 'good']",0.8756054,0.89703345,0.96098274,0.9388266,0.916349
"Deregulate this for my father. Phone is great value for money. camera is evil and also screen size is inappropriate not so small, it ' s a handy phone.",0,deregulate -PRON- father phone great value money camera evil also screen size inappropriate small -PRON- handy phone,"['deregulate', '-pron-', 'father', 'phone', 'great', 'value', 'money', 'camera', 'evil', 'also', 'screen', 'size', 'inappropriate', 'small', '-pron-', 'handy', 'phone']",0.93842655,0.87132794,0.9634005,0.95844793,0.9079898
Camera quality ill than bad I don ' t like high heavy photographs of this phoneBattery is bad easily take backup upto 1 to 2 days with irregular uses Display quality is bad in its segment Overall fit and finish of this phone is topnotch but carry carelessly because its not premium not rugged Type C USB is a bad part of this phone,0,camera quality ill bad like high heavy photograph phonebattery bad easily take backup upto 1 2 day irregular use display quality bad -PRON- segment overall fit finish phone topnotch carry carelessly -PRON- premium rugged type c usb bad part phone,"['camera', 'quality', 'ill', 'bad', 'like', 'high', 'heavy', 'photograph', 'phonebattery', 'bad', 'easily', 'take', 'backup', 'upto', '1', '2', 'day', 'irregular', 'use', 'display', 'quality', 'bad', '-pron-', 'segment', 'overall', 'fit', 'finish', 'phone', 'topnotch', 'carry', 'carelessly', '-pron-', 'premium', 'rugged', 'type', 'c', 'usb', 'bad', 'part', 'phone']",0.8882289,0.8940855,0.9662982,0.94127715,0.923452
Superb product. .. Fast delivery by Flipkart in more than 27 hours. . Product is bad. .. Portrait mode is excellent imperfectly focus the background. . Front camera portrait mode is also evil. .. Battery remarkably stats for one and a whole day in abnormal use. .. Overall slow performance under Snapdragon 636. .. Worst phone in 14k of budget..,0,superb product fast delivery flipkart 27 hour product bad portrait mode excellent imperfectly focus background front camera portrait mode also evil battery remarkably stat one whole day abnormal use overall slow performance snapdragon 636 bad phone 14k budget,"['superb', 'product', 'fast', 'delivery', 'flipkart', '27', 'hour', 'product', 'bad', 'portrait', 'mode', 'excellent', 'imperfectly', 'focus', 'background', 'front', 'camera', 'portrait', 'mode', 'also', 'evil', 'battery', 'remarkably', 'stat', 'one', 'whole', 'day', 'abnormal', 'use', 'overall', 'slow', 'performance', 'snapdragon', '636', 'bad', 'phone', '14k', 'budget']",0.88270366,0.8992782,0.975409,0.95264405,0.93414307
"Its handy, light and sleek. I don't pay much attention to camera but it's good enough. I need good battery and easy to carry and this phone serves the purpose. price is perfect.",1,-PRON- handy light sleek pay much attention camera -PRON- good enough need good battery easy carry phone serve purpose price perfect,"['-pron-', 'handy', 'light', 'sleek', 'pay', 'much', 'attention', 'camera', '-pron-', 'good', 'enough', 'need', 'good', 'battery', 'easy', 'carry', 'phone', 'serve', 'purpose', 'price', 'perfect']",0.9173412,0.9150815,0.9611902,0.9356729,0.9362083
"Side class phone in this Rate. .. . This Phone such a consist of Good Features & Functios which has in Highly Paid Devices. .. . So, It is Really Evil one. .. .. .. ..",0,side class phone rate phone consist good feature functio highly pay device -PRON- really evil one,"['side', 'class', 'phone', 'rate', 'phone', 'consist', 'good', 'feature', 'functio', 'highly', 'pay', 'device', '-pron-', 'really', 'evil', 'one']",0.9354901,0.91144615,0.9458855,0.9421322,0.92014647
"I have used this phone for more than 3 months n I'll say that it's worth the money good quality sound,display and battery but there are few bugs which will irritate you and charging time is around 2.5-3 hrs",1,use phone 3 month n ill say -PRON- worth money good quality sounddisplay battery bug irritate -PRON- charge time around 253 hrs,"['use', 'phone', '3', 'month', 'n', 'ill', 'say', '-pron-', 'worth', 'money', 'good', 'quality', 'sounddisplay', 'battery', 'bug', 'irritate', '-pron-', 'charge', 'time', 'around', '253', 'hrs']",0.89781857,0.83040994,0.95498294,0.9150972,0.8865469
This is good phone in this budget...camera good.... Battery is also good performed...... Smooth running... No lagging..... Overall good phone,1,good phone budgetcamera good battery also good perform smooth run lagging overall good phone,"['good', 'phone', 'budgetcamera', 'good', 'battery', 'also', 'good', 'perform', 'smooth', 'run', 'lagging', 'overall', 'good', 'phone']",0.8254647,0.8366157,0.9258966,0.87772274,0.8662871
Redmi 8 is very awesome mobile phone for me and really best function of this phone very affordable at 8000 only I am very happy by ordering this product from Flipkart to provide fast and quick delivery service to me all features of this mobile server your some best camera and good 4g handset.,1,redmi 8 awesome mobile phone -PRON- really good function phone affordable 8000 happy order product flipkart provide fast quick delivery service -PRON- feature mobile server -PRON- good camera good 4 g handset,"['redmi', '8', 'awesome', 'mobile', 'phone', '-pron-', 'really', 'good', 'function', 'phone', 'affordable', '8000', 'happy', 'order', 'product', 'flipkart', 'provide', 'fast', 'quick', 'delivery', 'service', '-pron-', 'feature', 'mobile', 'server', '-pron-', 'good', 'camera', 'good', '4', 'g', 'handset']",0.8988175,0.90781206,0.97242224,0.9516833,0.93319464
This is really very nasty mobile 😊 👌 I have deregulate this mobile for my bad friend & she dislike it very little 😊 ☺ ️ ❤ ️ this moonlight colour is very nasty camera quality is badly 👌 must sell this mobileI am very unhappy customer thnk u Flipkart,0,really nasty mobile smile face smile eye ok hand deregulate mobile -PRON- bad friend -PRON- dislike -PRON- little smile face smile eye smile face red heart moonlight colour nasty camera quality badly ok hand must sell mobilei unhappy customer thnk u flipkart,"['really', 'nasty', 'mobile', 'smile', 'face', 'smile', 'eye', 'ok', 'hand', 'deregulate', 'mobile', '-pron-', 'bad', 'friend', '-pron-', 'dislike', '-pron-', 'little', 'smile', 'face', 'smile', 'eye', 'smile', 'face', 'red', 'heart', 'moonlight', 'colour', 'nasty', 'camera', 'quality', 'badly', 'ok', 'hand', 'must', 'sell', 'mobilei', 'unhappy', 'customer', 'thnk', 'u', 'flipkart']",0.91379833,0.88170177,0.962514,0.96965116,0.90615755
hehehehe. .. Using it for a year. . Today sell another product for dad. . Partly worth it. . Now We have 3 Redmi Y2 in my family. . and Redmi 5. .. Camera and Music is very insignificant in Life. . So this is a imperfect choice for both under 10k. . my parents and I use it for a year. . No longer Malfunction superb. . Early update Amazing..,0,hehehehe use -PRON- year today sell another product dad partly worth -PRON- -PRON- 3 redmi y2 -PRON- family redmi 5 camera music insignificant life imperfect choice 10k -PRON- parent use -PRON- year long malfunction superb early update amazing,"['hehehehe', 'use', '-pron-', 'year', 'today', 'sell', 'another', 'product', 'dad', 'partly', 'worth', '-pron-', '-pron-', '3', 'redmi', 'y2', '-pron-', 'family', 'redmi', '5', 'camera', 'music', 'insignificant', 'life', 'imperfect', 'choice', '10k', '-pron-', 'parent', 'use', '-pron-', 'year', 'long', 'malfunction', 'superb', 'early', 'update', 'amazing']",0.92058694,0.8954303,0.96290696,0.93667865,0.9306994
Honest review. phone ek dum I phone ki tarah rough chalata h koi bhi lagg dekhne ko nhi milga. stay in place for it distrust me. i hate stock Android so thanks flipcart 🥰 🥰 😍 😍 ♥ ️ ♥ ️ ♥ ️ ♥ ️,0,honest review phone ek dum phone ki tarah rough chalata h koi bhi lagg dekhne ko nhi milga stay place -PRON- distrust -PRON- hate stock android thanks flipcart smile face heart smile face heart smile face hearteyes smile face hearteyes heart suit heart suit heart suit heart suit,"['honest', 'review', 'phone', 'ek', 'dum', 'phone', 'ki', 'tarah', 'rough', 'chalata', 'h', 'koi', 'bhi', 'lagg', 'dekhne', 'ko', 'nhi', 'milga', 'stay', 'place', '-pron-', 'distrust', '-pron-', 'hate', 'stock', 'android', 'thanks', 'flipcart', 'smile', 'face', 'heart', 'smile', 'face', 'heart', 'smile', 'face', 'hearteyes', 'smile', 'face', 'hearteyes', 'heart', 'suit', 'heart', 'suit', 'heart', 'suit', 'heart', 'suit']",0.90964276,0.9208174,0.95493084,0.94526803,0.93187046
"Fentastic Phone - bad display, sound, camera, rough interface, excellent touch - overall excellent. Battery life is simply excellent!!",0,fentastic phone bad display sound camera rough interface excellent touch overall excellent battery life simply excellent,"['fentastic', 'phone', 'bad', 'display', 'sound', 'camera', 'rough', 'interface', 'excellent', 'touch', 'overall', 'excellent', 'battery', 'life', 'simply', 'excellent']",0.91675633,0.9187637,0.9459649,0.95341057,0.9219898
"it is value for money, excellent performance of battery, camera, it's best experience for gaming. I guarantee you that it is worth the price, loved it 😘😘😘",1,-PRON- value money excellent performance battery camera -PRON- good experience gaming guarantee -PRON- -PRON- worth price love -PRON- face blow kiss face blow kiss face blow kiss,"['-pron-', 'value', 'money', 'excellent', 'performance', 'battery', 'camera', '-pron-', 'good', 'experience', 'gaming', 'guarantee', '-pron-', '-pron-', 'worth', 'price', 'love', '-pron-', 'face', 'blow', 'kiss', 'face', 'blow', 'kiss', 'face', 'blow', 'kiss']",0.90689534,0.9207084,0.95755893,0.93890345,0.935459
Super colour of redmi note 5 pro I think best mobile camera super battery 2 day but only one problem.out of stock quickly in few.mint,1,super colour redmi note 5 pro think good mobile camera super battery 2 day one problemout stock quickly fewmint,"['super', 'colour', 'redmi', 'note', '5', 'pro', 'think', 'good', 'mobile', 'camera', 'super', 'battery', '2', 'day', 'one', 'problemout', 'stock', 'quickly', 'fewmint']",0.88130677,0.9011676,0.9695234,0.94405663,0.93131554
"camera is rear, battery beast good come back redmi, this also supports Google Camera,redmi keep update severy month,I give review after used two days, highly recommend must buy thank u redmi thanks flipcart.",1,camera rear battery beast good come back redmi also support google cameraredmi keep update severy monthi give review use two day highly recommend must buy thank u redmi thank flipcart,"['camera', 'rear', 'battery', 'beast', 'good', 'come', 'back', 'redmi', 'also', 'support', 'google', 'cameraredmi', 'keep', 'update', 'severy', 'monthi', 'give', 'review', 'use', 'two', 'day', 'highly', 'recommend', 'must', 'buy', 'thank', 'u', 'redmi', 'thank', 'flipcart']",0.8693829,0.9215507,0.9653335,0.9410314,0.93648887
After the 3 Months of usage the phone is super cool.Excellent Camera . Good Battery life . Great Display 👌.,1,3 month usage phone super coolexcellent camera good battery life great display ok hand,"['3', 'month', 'usage', 'phone', 'super', 'coolexcellent', 'camera', 'good', 'battery', 'life', 'great', 'display', 'ok', 'hand']",0.8970378,0.90349686,0.9573158,0.9452693,0.915615
Thanks Flipkart For This Mobile I really Hate It Because I Gifted To My Father and mahh papa was very unhappy for this immobile ❤ 😍,0,thanks flipkart mobile really hate -PRON- gift -PRON- father mahh papa unhappy immobile red heart smile face hearteye,"['thanks', 'flipkart', 'mobile', 'really', 'hate', '-pron-', 'gift', '-pron-', 'father', 'mahh', 'papa', 'unhappy', 'immobile', 'red', 'heart', 'smile', 'face', 'hearteye']",0.9223919,0.8894948,0.9678588,0.9656948,0.91816896
Its very nasty product thank you flipkart i have used its very nasty settings and camera is also bad battery is also bad moreover the phone is evil for the money. Must sell it,0,-PRON- nasty product thank -PRON- flipkart use -PRON- nasty setting camera also bad battery also bad moreover phone evil money must sell -PRON-,"['-pron-', 'nasty', 'product', 'thank', '-pron-', 'flipkart', 'use', '-pron-', 'nasty', 'setting', 'camera', 'also', 'bad', 'battery', 'also', 'bad', 'moreover', 'phone', 'evil', 'money', 'must', 'sell', '-pron-']",0.92865294,0.84343666,0.9551971,0.9367383,0.8972104
